,#,FirstName,LastName,Name,State,Party,Score,Congress,CleanYear
0,1,Chris,Gibson,Chris Gibson,NY,R,2.27089,113,2011.0
1,2,Pete,King,Pete King,NY,R,2.26093,113,
2,3,Michael,Grimm,Michael Grimm,NY,R,2.20292,113,2011.0
3,4,Ileana,Ros-Lehtinen,Ileana Ros-Lehtinen,FL,R,2.1125,113,1989.0
4,5,Richard,Hanna,Richard Hanna,NY,R,1.75808,113,2011.0
5,6,Mike,Fitzpatrick,Mike Fitzpatrick,PA,R,1.53753,113,2011.0
6,7,Henry,Cuellar,Henry Cuellar,TX,D,1.48994,113,2005.0
7,8,Jon,Runyan,Jon Runyan,NJ,R,1.4699,113,2011.0
8,9,Jim,Matheson,Jim Matheson,UT,D,1.40457,113,2001.0
9,10,Kurt,Schrader,Kurt Schrader,OR,D,1.27908,113,2009.0
10,11,Charlie,Dent,Charlie Dent,PA,R,1.26323,113,2005.0
11,12,Chris,Smith,Chris Smith,NJ,R,1.18265,113,1980.0
12,13,Dave,Joyce,Dave Joyce,OH,R,1.15114,113,
13,14,Jim,Gerlach,Jim Gerlach,PA,R,1.10905,113,2003.0
14,15,Frank,LoBiondo,Frank LoBiondo,NJ,R,1.0661,113,2003.0
15,16,Dan,Lipinski,Dan Lipinski,IL,D,1.06167,113,2005.0
16,17,Jim,Cooper,Jim Cooper,TN,D,1.02325,113,2003.0
17,18,Ron,Kind,Ron Kind,WI,D,0.98526,113,1997.0
18,19,Patrick,Murphy,Patrick Murphy,FL,D,0.96725,113,2013.0
19,20,Tim,Walz,Tim Walz,MN,D,0.95546,113,2007.0
20,21,Tom,Petri,Tom Petri,WI,R,0.92669,113,1979.0
21,22,Ed,Whitfield,Ed Whitfield,KY,R,0.91662,113,1995.0
22,23,Ed,Perlmutter,Ed Perlmutter,CO,D,0.90054,113,2007.0
23,24,Paul,Cook,Paul Cook,CA,R,0.87368,113,2013.0
24,25,Aaron,Schock,Aaron Schock,IL,R,0.83888,113,2009.0
25,26,Rodney,Davis,Rodney Davis,IL,R,0.83803,113,2013.0
26,27,Susan,Brooks,Susan Brooks,IN,R,0.83598,113,2013.0
27,28,Glenn,Thompson,Glenn Thompson,PA,R,0.83151,113,2009.0
28,29,Joe,Heck,Joe Heck,NV,R,0.82552,113,2011.0
29,30,Steve,Stivers,Steve Stivers,OH,R,0.81931,113,2011.0
30,31,Tom,Latham,Tom Latham,IA,R,0.79689,113,1995.0
31,32,Dave,Reichert,Dave Reichert,WA,R,0.79552,113,2005.0
32,33,Gary,Miller,Gary Miller,CA,R,0.78949,113,1999.0
33,34,Frank,Wolf,Frank Wolf,VA,R,0.78146,113,1981.0
34,35,Adam,Kinzinger,Adam Kinzinger,IL,R,0.778,113,2011.0
35,36,Pat,Meehan,Pat Meehan,PA,R,0.77429,113,2011.0
36,37,Mike,McIntyre,Mike McIntyre,NC,D,0.77122,113,1997.0
37,38,Don,Young,Don Young,AK,R,0.74952,113,1973.0
38,39,Tammy,Duckworth,Tammy Duckworth,IL,D,0.74216,113,2013.0
39,40,Walter,Jones,Walter Jones,NC,R,0.738,113,1995.0
40,41,Bill,Owens,Bill Owens,NY,D,0.73584,113,2009.0
41,42,Sanford,Bishop,Sanford Bishop,GA,D,0.73422,113,1993.0
42,43,Duncan,Hunter,Duncan Hunter,CA,R,0.73419,113,
43,44,Tulsi,Gabbard,Tulsi Gabbard,HI,D,0.71825,113,2013.0
44,45,Tim,Ryan,Tim Ryan,OH,D,0.71335,113,2003.0
45,46,Ed,Royce,Ed Royce,CA,R,0.71151,113,1993.0
46,47,Bill,Pascrell,Bill Pascrell,NJ,D,0.6869,113,1997.0
47,48,David,McKinley,David McKinley,WV,R,0.67801,113,2011.0
48,49,Debbie,Wasserman Schultz,Debbie Wasserman Schultz,FL,D,0.66505,113,2005.0
49,50,Dana,Rohrabacher,Dana Rohrabacher,CA,R,0.66498,113,1989.0
50,51,Nick,Rahall,Nick Rahall,WV,D,0.65018,113,1977.0
51,52,John,Barrow,John Barrow,GA,D,0.64039,113,2005.0
52,53,Tom,Reed,Tom Reed,NY,R,0.62216,113,2010.0
53,54,Mike,Thompson,Mike Thompson,CA,D,0.59863,113,1999.0
54,55,Leonard,Lance,Leonard Lance,NJ,R,0.59694,113,2009.0
55,56,Terri,Sewell,Terri Sewell,AL,D,0.5886,113,2011.0
56,57,Joe,Kennedy,Joe Kennedy,MA,D,0.58741,113,2013.0
57,58,G.K.,Butterfield,G.K. Butterfield,NC,D,0.57648,113,
58,59,Jim,Sensenbrenner,Jim Sensenbrenner,WI,R,0.57005,113,1979.0
59,60,Derek,Kilmer,Derek Kilmer,WA,D,0.54963,113,2013.0
60,61,Joe,Garcia,Joe Garcia,FL,D,0.54493,113,2013.0
61,62,Buck,McKeon,Buck McKeon,CA,R,0.52823,113,
62,63,Ron,Barber,Ron Barber,AZ,D,0.49588,113,2012.0
63,64,Ander,Crenshaw,Ander Crenshaw,FL,R,0.49557,113,2001.0
64,65,Darrell,Issa,Darrell Issa,CA,R,0.48522,113,2001.0
65,66,Bradley,Schneider,Bradley Schneider,IL,D,0.47516,113,
66,67,Tom,Rooney,Tom Rooney,FL,R,0.45564,113,2009.0
67,68,Erik,Paulsen,Erik Paulsen,MN,R,0.42932,113,2009.0
68,69,Mike,Michaud,Mike Michaud,ME,D,0.39673,113,2001.0
69,70,Doug,LaMalfa,Doug LaMalfa,CA,R,0.38421,113,2013.0
70,71,Pat,Tiberi,Pat Tiberi,OH,R,0.37476,113,2001.0
71,72,David,Valadao,David Valadao,CA,R,0.36747,113,2013.0
72,73,Jeff,Denham,Jeff Denham,CA,R,0.36739,113,2011.0
73,74,Jim,Renacci,Jim Renacci,OH,R,0.36408,113,2011.0
74,75,Steve,Chabot,Steve Chabot,OH,R,0.36289,113,2011.0
75,76,Mike,Doyle,Mike Doyle,PA,D,0.35947,113,1995.0
76,77,Gregg,Harper,Gregg Harper,MS,R,0.35603,113,2009.0
77,78,Gene,Green,Gene Green,TX,D,0.33848,113,1993.0
78,79,Kyrsten,Sinema,Kyrsten Sinema,AZ,D,0.32315,113,2013.0
79,80,Brad,Sherman,Brad Sherman,CA,D,0.30348,113,1997.0
80,81,Howard,Coble,Howard Coble,NC,R,0.29972,113,1985.0
81,82,Emanuel,Cleaver,Emanuel Cleaver,MO,D,0.29706,113,2005.0
82,83,Tom,Marino,Tom Marino,PA,R,0.2933,113,2011.0
83,84,Brett,Guthrie,Brett Guthrie,KY,R,0.29315,113,2009.0
84,85,Ann,Kirkpatrick,Ann Kirkpatrick,AZ,D,0.27807,113,2013.0
85,86,Fred,Upton,Fred Upton,MI,R,0.2742,113,1987.0
86,87,Cheri,Bustos,Cheri Bustos,IL,D,0.27108,113,2013.0
87,88,Bill,Shuster,Bill Shuster,PA,R,0.26449,113,2001.0
88,89,Bill,Posey,Bill Posey,FL,R,0.25718,113,2009.0
89,90,Gary,Peters,Gary Peters,MI,D,0.25026,113,2009.0
90,91,John,Carney,John Carney,DE,D,0.25022,113,2011.0
91,92,Ben,Luján,Ben Luján,NM,D,0.24852,113,
92,93,Spencer,Bachus,Spencer Bachus,AL,R,0.24067,113,1993.0
93,94,Eliot,Engel,Eliot Engel,NY,D,0.2375,113,1989.0
94,95,Mike,Coffman,Mike Coffman,CO,R,0.23512,113,2009.0
95,96,Kay,Granger,Kay Granger,TX,R,0.21398,113,1999.0
96,97,Tom,Cole,Tom Cole,OK,R,0.21205,113,2003.0
97,98,Diana,DeGette,Diana DeGette,CO,D,0.21098,113,1997.0
98,99,Albio,Sires,Albio Sires,NJ,D,0.20075,113,2006.0
99,100,Sean,Maloney,Sean Maloney,NY,D,0.20036,113,
100,101,Betty,McCollum,Betty McCollum,MN,D,0.19824,113,2001.0
101,102,Scott,Rigell,Scott Rigell,VA,R,0.18338,113,2011.0
102,103,Filemon,Vela,Filemon Vela,TX,D,0.18199,113,
103,104,Jeff,Miller,Jeff Miller,FL,R,0.18194,113,2001.0
104,105,Mike,Turner,Mike Turner,OH,R,0.17187,113,2003.0
105,106,Jim,Costa,Jim Costa,CA,D,0.16635,113,2005.0
106,107,Tim,Bishop,Tim Bishop,NY,D,0.16609,113,2003.0
107,108,Joe,Courtney,Joe Courtney,CT,D,0.16576,113,2007.0
108,109,John,Duncan,John Duncan,TN,R,0.1597,113,
109,110,Bruce,Braley,Bruce Braley,IA,D,0.14832,113,2007.0
110,111,Rodney,Frelinghuysen,Rodney Frelinghuysen,NJ,R,0.14592,113,1995.0
111,112,Candice,Miller,Candice Miller,MI,R,0.14215,113,2003.0
112,113,Peter,Roskam,Peter Roskam,IL,R,0.12937,113,2007.0
113,114,Earl,Blumenauer,Earl Blumenauer,OR,D,0.11349,113,1996.0
114,115,Randy,Hultgren,Randy Hultgren,IL,R,0.10607,113,2011.0
115,116,Gregory,Meeks,Gregory Meeks,NY,D,0.10402,113,1999.0
116,117,Mike,Rogers,Mike Rogers,MI,R,0.10378,113,2001.0
117,118,Beto,O'Rourke,Beto O'Rourke,TX,D,0.10174,113,2013.0
118,119,Rick,Nolan,Rick Nolan,MN,D,0.08951,113,2013.0
119,120,Alan,Nunnelee,Alan Nunnelee,MS,R,0.0834,113,2011.0
120,121,Jim,McGovern,Jim McGovern,MA,D,0.07671,113,1997.0
121,122,Brian,Higgins,Brian Higgins,NY,D,0.07508,113,2005.0
122,123,Joyce,Beatty,Joyce Beatty,OH,D,0.07472,113,2013.0
123,124,Zoe,Lofgren,Zoe Lofgren,CA,D,0.07095,113,1995.0
124,125,Tim,Murphy,Tim Murphy,PA,R,0.06466,113,2003.0
125,126,Bob,Latta,Bob Latta,OH,R,0.05439,113,2007.0
126,127,Robert,Hurt,Robert Hurt,VA,R,0.03695,113,2011.0
127,128,Bill,Enyart,Bill Enyart,IL,D,0.03324,113,
128,129,Sam,Farr,Sam Farr,CA,D,0.03194,113,1993.0
129,130,Ami,Bera,Ami Bera,CA,D,0.03104,113,2013.0
130,131,Michael,McCaul,Michael McCaul,TX,R,0.02932,113,2005.0
131,132,John,Shimkus,John Shimkus,IL,R,0.02931,113,1997.0
132,133,Ted,Poe,Ted Poe,TX,R,0.02512,113,2005.0
133,134,Devin,Nunes,Devin Nunes,CA,R,0.02335,113,2003.0
134,135,Reid,Ribble,Reid Ribble,WI,R,0.01908,113,2011.0
135,136,Raul,Ruiz,Raul Ruiz,CA,D,0.01492,113,2013.0
136,137,Joe,Wilson,Joe Wilson,SC,R,0.01461,113,2001.0
137,138,Eric,Swalwell,Eric Swalwell,CA,D,0.01368,113,2013.0
138,139,Michael,Burgess,Michael Burgess,TX,R,0.01062,113,2003.0
139,140,John,Delaney,John Delaney,MD,D,0.00901,113,2013.0
140,141,Bob,Goodlatte,Bob Goodlatte,VA,R,0.00222,113,1993.0
141,142,Anna,Eshoo,Anna Eshoo,CA,D,0.00152,113,1993.0
142,143,Jim,Moran,Jim Moran,VA,D,-0.00447,113,1991.0
143,144,Bennie,Thompson,Bennie Thompson,MS,D,-0.0126,113,1993.0
144,145,Joe,Barton,Joe Barton,TX,R,-0.01645,113,1985.0
145,146,Renee,Ellmers,Renee Ellmers,NC,R,-0.01708,113,2011.0
146,147,Steny,Hoyer,Steny Hoyer,MD,D,-0.0194,113,1981.0
147,148,Dina,Titus,Dina Titus,NV,D,-0.02128,113,2013.0
148,149,Dan,Maffei,Dan Maffei,NY,D,-0.02294,113,2013.0
149,150,Jaime,Herrera Beutler,Jaime Herrera Beutler,WA,R,-0.0246,113,2011.0
150,151,Dan,Benishek,Dan Benishek,MI,R,-0.03183,113,2011.0
151,152,Matt,Cartwright,Matt Cartwright,PA,D,-0.04894,113,2013.0
152,153,John,Larson,John Larson,CT,D,-0.05052,113,
153,154,Carolyn,Maloney,Carolyn Maloney,NY,D,-0.05328,113,1993.0
154,155,Thomas,Massie,Thomas Massie,KY,R,-0.06253,113,2012.0
155,156,Peter,Welch,Peter Welch,VT,D,-0.06492,113,2007.0
156,157,Rob,Wittman,Rob Wittman,VA,R,-0.074,113,2007.0
157,158,Mike,Simpson,Mike Simpson,ID,R,-0.08372,113,1999.0
158,159,Gus,Bilirakis,Gus Bilirakis,FL,R,-0.09588,113,2007.0
159,160,Robert,Pittenger,Robert Pittenger,NC,R,-0.09845,113,2013.0
160,161,Shelley,Capito,Shelley Capito,WV,R,-0.10377,113,
161,162,Joseph,Crowley,Joseph Crowley,NY,D,-0.11052,113,1999.0
162,163,Gerry,Connolly,Gerry Connolly,VA,D,-0.11206,113,2009.0
163,164,Bill,Johnson,Bill Johnson,OH,R,-0.11224,113,2011.0
164,165,Chris,Collins,Chris Collins,NY,R,-0.11423,113,2013.0
165,166,Lynn,Jenkins,Lynn Jenkins,KS,R,-0.13182,113,2009.0
166,167,Vern,Buchanan,Vern Buchanan,FL,R,-0.13642,113,2007.0
167,168,Paul,Gosar,Paul Gosar,AZ,R,-0.14755,113,2011.0
168,169,Lou,Barletta,Lou Barletta,PA,R,-0.1594,113,2011.0
169,170,Karen,Bass,Karen Bass,CA,D,-0.17486,113,2011.0
170,171,Rick,Larsen,Rick Larsen,WA,D,-0.17895,113,2001.0
171,172,Rob,Andrews,Rob Andrews,NJ,D,-0.18639,113,1990.0
172,173,Suzan,DelBene,Suzan DelBene,WA,D,-0.19733,113,2012.0
173,174,Kevin,McCarthy,Kevin McCarthy,CA,R,-0.19959,113,2007.0
174,175,Lamar,Smith,Lamar Smith,TX,R,-0.1997,113,1987.0
175,176,Suzanne,Bonamici,Suzanne Bonamici,OR,D,-0.20544,113,2012.0
176,177,Greg,Walden,Greg Walden,OR,R,-0.2124,113,1999.0
177,178,Mike,Quigley,Mike Quigley,IL,D,-0.21679,113,2009.0
178,179,Juan,Vargas,Juan Vargas,CA,D,-0.21847,113,2013.0
179,180,John,Kline,John Kline,MN,R,-0.21962,113,2003.0
180,181,Linda,Sánchez,Linda Sánchez,CA,D,-0.22405,113,
181,182,Mark,Meadows,Mark Meadows,NC,R,-0.22478,113,2013.0
182,183,Steve,Israel,Steve Israel,NY,D,-0.23399,113,2001.0
183,184,Katherine,Clark,Katherine Clark,MA,D,-0.23559,113,2013.0
184,185,Justin,Amash,Justin Amash,MI,R,-0.24363,113,2011.0
185,186,Larry,Bucshon,Larry Bucshon,IN,R,-0.24571,113,2011.0
186,187,Bill,Keating,Bill Keating,MA,D,-0.25004,113,2011.0
187,188,Steven,Horsford,Steven Horsford,NV,D,-0.25486,113,2013.0
188,189,Mark,Amodei,Mark Amodei,NV,R,-0.25496,113,2011.0
189,190,Joe,Pitts,Joe Pitts,PA,R,-0.25658,113,1997.0
190,191,Julia,Brownley,Julia Brownley,CA,D,-0.25698,113,2013.0
191,192,Ken,Calvert,Ken Calvert,CA,R,-0.25717,113,1993.0
192,193,Todd,Young,Todd Young,IN,R,-0.26198,113,2011.0
193,194,Jason,Chaffetz,Jason Chaffetz,UT,R,-0.26233,113,2009.0
194,195,Hank,Johnson,Hank Johnson,GA,D,-0.26441,113,2007.0
195,196,Rich,Nugent,Rich Nugent,FL,R,-0.2659,113,2011.0
196,197,Bill,Foster,Bill Foster,IL,D,-0.267,113,2013.0
197,198,Jeff,Fortenberry,Jeff Fortenberry,NE,R,-0.26734,113,2005.0
198,200,Blaine,Luetkemeyer,Blaine Luetkemeyer,MO,R,-0.27366,113,2009.0
199,201,Andy,Barr,Andy Barr,KY,R,-0.27916,113,2013.0
200,202,Cathy,McMorris Rodgers,Cathy McMorris Rodgers,WA,R,-0.28475,113,2005.0
201,203,Doris,Matsui,Doris Matsui,CA,D,-0.28911,113,2005.0
202,204,Dave,Loebsack,Dave Loebsack,IA,D,-0.29095,113,2007.0
203,205,Marcy,Kaptur,Marcy Kaptur,OH,D,-0.29338,113,1983.0
204,206,Paul,Tonko,Paul Tonko,NY,D,-0.29768,113,2009.0
205,207,Kevin,Yoder,Kevin Yoder,KS,R,-0.30905,113,2011.0
206,208,Loretta,Sanchez,Loretta Sanchez,CA,D,-0.31155,113,1997.0
207,209,Mike,Conaway,Mike Conaway,TX,R,-0.32153,113,2005.0
208,210,Jackie,Walorski,Jackie Walorski,IN,R,-0.32199,113,2013.0
209,211,John,Sarbanes,John Sarbanes,MD,D,-0.32379,113,2007.0
210,212,Ralph,Hall,Ralph Hall,TX,R,-0.32524,113,1981.0
211,213,Kathy,Castor,Kathy Castor,FL,D,-0.33169,113,2007.0
212,214,Trent,Franks,Trent Franks,AZ,R,-0.33525,113,2003.0
213,215,Sandy,Levin,Sandy Levin,MI,D,-0.33549,113,
214,216,Kevin,Brady,Kevin Brady,TX,R,-0.33724,113,1997.0
215,217,Stephen,Lynch,Stephen Lynch,MA,D,-0.34386,113,2001.0
216,218,Charles,Boustany,Charles Boustany,LA,R,-0.34507,113,2005.0
217,219,Steve,Womack,Steve Womack,AR,R,-0.34781,113,2011.0
218,220,Sam,Graves,Sam Graves,MO,R,-0.3498,113,2001.0
219,221,Ann,Kuster,Ann Kuster,NH,D,-0.35004,113,
220,222,Pete,Olson,Pete Olson,TX,R,-0.35726,113,2009.0
221,223,Richard,Hudson,Richard Hudson,NC,R,-0.36879,113,2013.0
222,224,Ann,Wagner,Ann Wagner,MO,R,-0.36938,113,2013.0
223,225,Cynthia,Lummis,Cynthia Lummis,WY,R,-0.37373,113,2009.0
224,226,Lee,Terry,Lee Terry,NE,R,-0.38387,113,1999.0
225,227,Virginia,Foxx,Virginia Foxx,NC,R,-0.39366,113,2005.0
226,228,Hakeem,Jeffries,Hakeem Jeffries,NY,D,-0.39519,113,2013.0
227,229,Allyson,Schwartz,Allyson Schwartz,PA,D,-0.41441,113,2005.0
228,230,Lloyd,Doggett,Lloyd Doggett,TX,D,-0.42038,113,1995.0
229,231,Chris,Van Hollen,Chris Van Hollen,MD,D,-0.42323,113,2003.0
230,232,Adam,Schiff,Adam Schiff,CA,D,-0.42622,113,2001.0
231,233,Grace,Meng,Grace Meng,NY,D,-0.43181,113,2013.0
232,234,David,Price,David Price,NC,D,-0.43522,113,1997.0
233,235,Morgan,Griffith,Morgan Griffith,VA,R,-0.43679,113,2011.0
234,236,Cedric,Richmond,Cedric Richmond,LA,D,-0.43835,113,2011.0
235,237,Elizabeth,Esty,Elizabeth Esty,CT,D,-0.43902,113,2013.0
236,238,Peter,DeFazio,Peter DeFazio,OR,D,-0.44015,113,1987.0
237,239,Bill,Cassidy,Bill Cassidy,LA,R,-0.44253,113,2009.0
238,240,Denny,Heck,Denny Heck,WA,D,-0.45289,113,2013.0
239,241,George,Holding,George Holding,NC,R,-0.45391,113,2013.0
240,242,Doug,Collins,Doug Collins,GA,R,-0.45534,113,2013.0
241,243,Jared,Polis,Jared Polis,CO,D,-0.45618,113,2009.0
242,244,Paul,Ryan,Paul Ryan,WI,R,-0.46636,113,1999.0
243,245,Jackie,Speier,Jackie Speier,CA,D,-0.46655,113,2008.0
244,246,Joaquin,Castro,Joaquin Castro,TX,D,-0.46958,113,2013.0
245,247,Jerry,McNerney,Jerry McNerney,CA,D,-0.4717,113,2007.0
246,248,Bob,Gibbs,Bob Gibbs,OH,R,-0.48411,113,2011.0
247,249,Lois,Frankel,Lois Frankel,FL,D,-0.48599,113,2013.0
248,250,Blake,Farenthold,Blake Farenthold,TX,R,-0.48675,113,2011.0
249,251,Jim,Jordan,Jim Jordan,OH,R,-0.48808,113,2007.0
250,252,Scott,Perry,Scott Perry,PA,R,-0.48855,113,2013.0
251,253,Vicky,Hartzler,Vicky Hartzler,MO,R,-0.49365,113,2011.0
252,254,Mike,Pompeo,Mike Pompeo,KS,R,-0.49418,113,2011.0
253,255,Alcee,Hastings,Alcee Hastings,FL,D,-0.49531,113,1993.0
254,256,John,Garamendi,John Garamendi,CA,D,-0.49753,113,2009.0
255,257,Tony,Cárdenas,Tony Cárdenas,CA,D,-0.49833,113,
256,258,Lois,Capps,Lois Capps,CA,D,-0.50299,113,1998.0
257,259,David,Scott,David Scott,GA,D,-0.51495,113,2003.0
258,260,John,Carter,John Carter,TX,R,-0.52085,113,2003.0
259,261,Raúl,Labrador,Raúl Labrador,ID,R,-0.52502,113,
260,262,Nita,Lowey,Nita Lowey,NY,D,-0.53085,113,1989.0
261,263,Pedro,Pierluisi,Pedro Pierluisi,PR,D,-0.53282,113,
262,264,Frank,Pallone,Frank Pallone,NJ,D,-0.53532,113,1989.0
263,265,Adam,Smith,Adam Smith,WA,D,-0.54543,113,1997.0
264,266,J. Randy,Forbes,J. Randy Forbes,VA,R,-0.54866,113,
265,267,Louise,Slaughter,Louise Slaughter,NY,D,-0.55937,113,1987.0
266,268,Michael,Capuano,Michael Capuano,MA,D,-0.56031,113,
267,269,Ted,Deutch,Ted Deutch,FL,D,-0.56361,113,2010.0
268,270,Madeleine,Bordallo,Madeleine Bordallo,GU,D,-0.56542,113,
269,271,Colleen,Hanabusa,Colleen Hanabusa,HI,D,-0.56575,113,2011.0
270,272,Dan,Kildee,Dan Kildee,MI,D,-0.5699,113,2013.0
271,273,Michele,Bachmann,Michele Bachmann,MN,R,-0.57978,113,2007.0
272,274,Richard,Neal,Richard Neal,MA,D,-0.58108,113,1989.0
273,275,Marc,Veasey,Marc Veasey,TX,D,-0.59465,113,2013.0
274,276,Cory,Gardner,Cory Gardner,CO,R,-0.59763,113,2011.0
275,277,Dennis,Ross,Dennis Ross,FL,R,-0.61217,113,2011.0
276,278,Robert,Aderholt,Robert Aderholt,AL,R,-0.61558,113,1997.0
277,279,Kerry,Bentivolio,Kerry Bentivolio,MI,R,-0.62489,113,2013.0
278,280,Hal,Rogers,Hal Rogers,KY,R,-0.63356,113,1981.0
279,281,Eddie,Johnson,Eddie Johnson,TX,D,-0.63366,113,1991.0
280,282,Scott,Peters,Scott Peters,CA,D,-0.63834,113,2013.0
281,283,Scott,Garrett,Scott Garrett,NJ,R,-0.64006,113,2003.0
282,284,Michelle,Lujan Grisham,Michelle Lujan Grisham,NM,D,-0.64289,113,2013.0
283,285,Jim,Bridenstine,Jim Bridenstine,OK,R,-0.65179,113,2013.0
284,286,John,Campbell,John Campbell,CA,R,-0.66042,113,2005.0
285,287,Chaka,Fattah,Chaka Fattah,PA,D,-0.66075,113,1995.0
286,288,Pete,Sessions,Pete Sessions,TX,R,-0.6663,113,1997.0
287,289,Trey,Radel,Trey Radel,FL,R,-0.66931,113,2013.0
288,290,Jim,Langevin,Jim Langevin,RI,D,-0.67493,113,2001.0
289,291,Pete,Gallego,Pete Gallego,TX,D,-0.67883,113,2013.0
290,292,Lacy,Clay,Lacy Clay,MO,D,-0.68233,113,2001.0
291,293,Donald,Payne,Donald Payne,NJ,D,-0.68712,113,
292,294,Bill,Huizenga,Bill Huizenga,MI,R,-0.68805,113,2011.0
293,295,Phil,Roe,Phil Roe,TN,R,-0.68841,113,2009.0
294,296,Steven,Palazzo,Steven Palazzo,MS,R,-0.6891,113,2011.0
295,297,Dave,Camp,Dave Camp,MI,R,-0.70096,113,
296,298,Stephen,Fincher,Stephen Fincher,TN,R,-0.70246,113,2011.0
297,299,Kristi,Noem,Kristi Noem,SD,R,-0.70392,113,2011.0
298,300,John,Tierney,John Tierney,MA,D,-0.70535,113,1997.0
299,301,Carolyn,McCarthy,Carolyn McCarthy,NY,D,-0.72518,113,1997.0
300,302,Ted,Yoho,Ted Yoho,FL,R,-0.7256,113,2013.0
301,303,Eni,Faleomavaega,Eni Faleomavaega,AS,D,-0.73126,113,
302,304,Gloria,Negrete McLeod,Gloria Negrete McLeod,CA,D,-0.73187,113,2013.0
303,305,Mike,Kelly,Mike Kelly,PA,R,-0.73629,113,2011.0
304,306,Al,Green,Al Green,TX,D,-0.73801,113,2005.0
305,307,André,Carson,André Carson,IN,D,-0.74296,113,
306,308,Scott,Tipton,Scott Tipton,CO,R,-0.74358,113,2011.0
307,309,Bill,Flores,Bill Flores,TX,R,-0.75167,113,2011.0
308,310,Doc,Hastings,Doc Hastings,WA,R,-0.75443,113,1995.0
309,311,Susan,Davis,Susan Davis,CA,D,-0.75559,113,2001.0
310,312,Tim,Walberg,Tim Walberg,MI,R,-0.76002,113,2011.0
311,313,Mac,Thornberry,Mac Thornberry,TX,R,-0.76516,113,1995.0
312,314,Sam,Johnson,Sam Johnson,TX,R,-0.76921,113,1991.0
313,315,Lynn,Westmoreland,Lynn Westmoreland,GA,R,-0.7718,113,2003.0
314,316,Chris,Stewart,Chris Stewart,UT,R,-0.77189,113,2013.0
315,317,Tim,Griffin,Tim Griffin,AR,R,-0.77289,113,2011.0
316,318,Charlie,Rangel,Charlie Rangel,NY,D,-0.77445,113,
317,319,Sean,Duffy,Sean Duffy,WI,R,-0.77962,113,2011.0
318,320,Chellie,Pingree,Chellie Pingree,ME,D,-0.78578,113,2009.0
319,321,Patrick,McHenry,Patrick McHenry,NC,R,-0.78715,113,2005.0
320,322,Bobby,Scott,Bobby Scott,VA,D,-0.79125,113,1993.0
321,323,Billy,Long,Billy Long,MO,R,-0.79142,113,2011.0
322,324,Diane,Black,Diane Black,TN,R,-0.79336,113,2011.0
323,325,Robert,Brady,Robert Brady,PA,D,-0.79381,113,
324,326,Tom,Graves,Tom Graves,GA,R,-0.80318,113,2010.0
325,327,Jim,McDermott,Jim McDermott,WA,D,-0.80379,113,1989.0
326,328,Matt,Salmon,Matt Salmon,AZ,R,-0.80429,113,2013.0
327,329,Carol,Shea-Porter,Carol Shea-Porter,NH,D,-0.80467,113,2013.0
328,330,Bobby,Rush,Bobby Rush,IL,D,-0.81331,113,1993.0
329,331,Jared,Huffman,Jared Huffman,CA,D,-0.81735,113,2013.0
330,332,Keith,Rothfus,Keith Rothfus,PA,R,-0.81828,113,2013.0
331,333,Todd,Rokita,Todd Rokita,IN,R,-0.81843,113,2011.0
332,334,Rubén,Hinojosa,Rubén Hinojosa,TX,D,-0.82003,113,
333,335,Jim,Himes,Jim Himes,CT,D,-0.82248,113,2009.0
334,336,Mark,Takano,Mark Takano,CA,D,-0.82415,113,2013.0
335,337,Mo,Brooks,Mo Brooks,AL,R,-0.8255,113,2011.0
336,338,John,Lewis,John Lewis,GA,D,-0.82711,113,1987.0
337,339,Frederica,Wilson,Frederica Wilson,FL,D,-0.82827,113,2011.0
338,340,Frank,Lucas,Frank Lucas,OK,R,-0.83033,113,2003.0
339,341,Phil,Gingrey,Phil Gingrey,GA,R,-0.84128,113,2003.0
340,342,Robin,Kelly,Robin Kelly,IL,D,-0.84365,113,2013.0
341,343,Steve,Cohen,Steve Cohen,TN,D,-0.84384,113,2007.0
342,344,Danny,Davis,Danny Davis,IL,D,-0.84629,113,
343,345,Elijah,Cummings,Elijah Cummings,MD,D,-0.84703,113,1996.0
344,346,Tom,Price,Tom Price,GA,R,-0.84832,113,2005.0
345,347,Roger,Williams,Roger Williams,TX,R,-0.8509,113,2013.0
346,348,Rob,Bishop,Rob Bishop,UT,R,-0.86102,113,2003.0
347,349,Rick,Crawford,Rick Crawford,AR,R,-0.86728,113,2011.0
348,350,Niki,Tsongas,Niki Tsongas,MA,D,-0.86864,113,2007.0
349,351,Steve,Pearce,Steve Pearce,NM,R,-0.87635,113,2011.0
350,352,Paul,Broun,Paul Broun,GA,R,-0.87694,113,2007.0
351,353,Marsha,Blackburn,Marsha Blackburn,TN,R,-0.891,113,2003.0
352,354,Judy,Chu,Judy Chu,CA,D,-0.91042,113,2009.0
353,355,Adrian,Smith,Adrian Smith,NE,R,-0.92547,113,2007.0
354,356,Lucille,Roybal-Allard,Lucille Roybal-Allard,CA,D,-0.92847,113,1993.0
355,357,Markwayne,Mullin,Markwayne Mullin,OK,R,-0.93198,113,2013.0
356,358,Marcia,Fudge,Marcia Fudge,OH,D,-0.94074,113,2008.0
357,359,Randy,Neugebauer,Randy Neugebauer,TX,R,-0.9461,113,2003.0
358,360,Steve,Daines,Steve Daines,MT,R,-0.94905,113,2001.0
359,361,John,Yarmuth,John Yarmuth,KY,D,-0.96593,113,2007.0
360,362,David,Cicilline,David Cicilline,RI,D,-0.96626,113,2011.0
361,363,Mick,Mulvaney,Mick Mulvaney,SC,R,-0.96667,113,2011.0
362,364,Janice,Hahn,Janice Hahn,CA,D,-0.99957,113,2011.0
363,365,Marlin,Stutzman,Marlin Stutzman,IN,R,-1.00515,113,2010.0
364,366,Mark,Sanford,Mark Sanford,SC,R,-1.01268,113,
365,367,Yvette,Clarke,Yvette Clarke,NY,D,-1.01361,113,2007.0
366,368,Keith,Ellison,Keith Ellison,MN,D,-1.0174,113,2007.0
367,369,Steve,Southerland,Steve Southerland,FL,R,-1.01941,113,2011.0
368,370,James,Lankford,James Lankford,OK,R,-1.02371,113,2011.0
369,371,Ron,DeSantis,Ron DeSantis,FL,R,-1.02635,113,2013.0
370,372,John,Conyers,John Conyers,MI,D,-1.03329,113,1965.0
371,373,Sheila,Jackson Lee,Sheila Jackson Lee,TX,D,-1.04388,113,1995.0
372,374,Vance,McAllister,Vance McAllister,LA,R,-1.0493,113,
373,375,David,Schweikert,David Schweikert,AZ,R,-1.05886,113,2011.0
374,376,Gwen,Moore,Gwen Moore,WI,D,-1.06241,113,2005.0
375,377,Tom,McClintock,Tom McClintock,CA,R,-1.07027,113,2009.0
376,378,John,Culberson,John Culberson,TX,R,-1.0724,113,2001.0
377,379,Rob,Woodall,Rob Woodall,GA,R,-1.07638,113,2011.0
378,380,Mike,Honda,Mike Honda,CA,D,-1.08056,113,2001.0
379,381,Barbara,Lee,Barbara Lee,CA,D,-1.08666,113,1998.0
380,382,Steve,Stockman,Steve Stockman,TX,R,-1.08726,113,2013.0
381,383,Gregorio,Sablan,Gregorio Sablan,MP,D,-1.09032,113,
382,384,Doug,Lamborn,Doug Lamborn,CO,R,-1.09291,113,2007.0
383,385,Jan,Schakowsky,Jan Schakowsky,IL,D,-1.09409,113,1999.0
384,386,Jerry,Nadler,Jerry Nadler,NY,D,-1.09959,113,1992.0
385,387,Rush,Holt,Rush Holt,NJ,D,-1.10603,113,
386,388,Alan,Grayson,Alan Grayson,FL,D,-1.11016,113,2013.0
387,389,Steve,Scalise,Steve Scalise,LA,R,-1.11052,113,2008.0
388,390,Mark,Pocan,Mark Pocan,WI,D,-1.11359,113,2013.0
389,391,Grace,Napolitano,Grace Napolitano,CA,D,-1.11364,113,1999.0
390,392,George,Miller,George Miller,CA,D,-1.11379,113,1975.0
391,393,Chuck,Fleischmann,Chuck Fleischmann,TN,R,-1.11551,113,2011.0
392,394,Austin,Scott,Austin Scott,GA,R,-1.11612,113,2011.0
393,395,Tom,Cotton,Tom Cotton,AR,R,-1.11961,113,2013.0
394,396,Rosa,DeLauro,Rosa DeLauro,CT,D,-1.12682,113,1991.0
395,397,Daniel,Webster,Daniel Webster,FL,R,-1.1666,113,2011.0
396,398,Martha,Roby,Martha Roby,AL,R,-1.16751,113,2011.0
397,399,Andy,Harris,Andy Harris,MD,R,-1.18254,113,2011.0
398,400,Jack,Kingston,Jack Kingston,GA,R,-1.20083,113,1993.0
399,401,John,Fleming,John Fleming,LA,R,-1.20126,113,2009.0
400,402,Nydia,Velázquez,Nydia Velázquez,NY,D,-1.20446,113,
401,403,Randy,Weber,Randy Weber,TX,R,-1.20678,113,2013.0
402,404,Alan,Lowenthal,Alan Lowenthal,CA,D,-1.21699,113,2013.0
403,405,Steve,King,Steve King,IA,R,-1.27816,113,2003.0
404,406,Trey,Gowdy,Trey Gowdy,SC,R,-1.30582,113,2011.0
405,407,Kevin,Cramer,Kevin Cramer,ND,R,-1.3122,113,2013.0
406,408,Maxine,Waters,Maxine Waters,CA,D,-1.3184,113,1991.0
407,409,Eleanor,Norton,Eleanor Norton,DC,D,-1.32595,113,
408,410,Raúl,Grijalva,Raúl Grijalva,AZ,D,-1.34801,113,
409,411,Jeff,Duncan,Jeff Duncan,SC,R,-1.36428,113,2011.0
410,412,Henry,Waxman,Henry Waxman,CA,D,-1.38128,113,1975.0
411,413,Kenny,Marchant,Kenny Marchant,TX,R,-1.4086,113,2005.0
412,414,Scott,DesJarlais,Scott DesJarlais,TN,R,-1.43109,113,2011.0
413,415,Jason,Smith,Jason Smith,MO,R,-1.4447,113,2013.0
414,416,Luke,Messer,Luke Messer,IN,R,-1.48456,113,2013.0
415,417,José,Serrano,José Serrano,NY,D,-1.4846,113,
416,418,Louie,Gohmert,Louie Gohmert,TX,R,-1.49951,113,2005.0
417,419,Mel,Watt,Mel Watt,NC,D,-1.50481,113,1993.0
418,420,Donna,Christensen,Donna Christensen,VI,D,-1.64911,113,
419,421,Donna,Edwards,Donna Edwards,MD,D,-1.66006,113,2008.0
420,422,Tim,Huelskamp,Tim Huelskamp,KS,R,-1.74617,113,2011.0
421,5,Bob,Dold,Bob Dold,IL,R,1.76693,114,
422,9,Gwen,Graham,Gwen Graham,FL,D,1.46203,114,
423,11,Carlos,Curbelo,Carlos Curbelo,FL,R,1.37491,114,
424,12,John,Katko,John Katko,NY,R,1.33285,114,2015.0
425,14,Brad,Ashford,Brad Ashford,NE,D,1.27666,114,
426,15,Dan,Donovan,Dan Donovan,NY,R,1.23381,114,
427,28,Amata,Radewagen,Amata Radewagen,AS,R,1.01874,114,
428,30,Martha,McSally,Martha McSally,AZ,R,0.9796,114,
429,31,Elise,Stefanik,Elise Stefanik,NY,R,0.95538,114,2015.0
430,34,Seth,Moulton,Seth Moulton,MA,D,0.90871,114,2015.0
431,44,Tom,MacArthur,Tom MacArthur,NJ,R,0.74188,114,
432,45,Lee,Zeldin,Lee Zeldin,NY,R,0.73631,114,2015.0
433,48,David,Jolly,David Jolly,FL,R,0.64522,114,
434,57,Ryan,Costello,Ryan Costello,PA,R,0.58633,114,
435,69,Steve,Knight,Steve Knight,CA,R,0.4953,114,
436,77,Beto,O’Rourke,Beto O’Rourke,TX,D,0.44,114,
437,82,Barbara,Comstock,Barbara Comstock,VA,R,0.42253,114,
438,86,Curt,Clawson,Curt Clawson,FL,R,0.36222,114,
439,101,Dutch,Ruppersberger,Dutch Ruppersberger,MD,D,0.24673,114,2003.0
440,102,Mimi,Walters,Mimi Walters,CA,R,0.24167,114,
441,112,Will,Hurd,Will Hurd,TX,R,0.20057,114,2015.0
442,115,Kathleen,Rice,Kathleen Rice,NY,D,0.1898,114,2015.0
443,121,Pete,Visclosky,Pete Visclosky,IN,D,0.15351,114,1985.0
444,124,Mario,Diaz-Balart,Mario Diaz-Balart,FL,R,0.14547,114,2003.0
445,125,Mike,Bost,Mike Bost,IL,R,0.14473,114,2015.0
446,129,Frank,Guinta,Frank Guinta,NH,R,0.12311,114,2011.0
447,133,Garret,Graves,Garret Graves,LA,R,0.10146,114,2015.0
448,143,David,Young,David Young,IA,R,0.03544,114,
449,155,Evan,Jenkins,Evan Jenkins,WV,R,-0.0153,114,
450,166,Bruce,Poliquin,Bruce Poliquin,ME,R,-0.0855,114,
451,180,Mark,Takai,Mark Takai,HA,D,-0.1718,114,
452,191,Dave,Trott,Dave Trott,MI,R,-0.2208,114,
453,194,Don,Beyer,Don Beyer,VA,D,-0.2253,114,2015.0
454,219,Donald,Norcross,Donald Norcross,NJ,D,-0.3174,114,2014.0
455,225,Mia,Love,Mia Love,UT,R,-0.3399,114,
456,235,Dan,Newhouse,Dan Newhouse,WA,R,-0.3888,114,2015.0
457,238,Tom,Emmer,Tom Emmer,MN,R,-0.3948,114,2015.0
458,239,French,Hill,French Hill,AR,R,-0.3961,114,2015.0
459,242,Ruben,Gallego,Ruben Gallego,AZ,D,-0.4124,114,2015.0
460,254,Ted,Lieu,Ted Lieu,CA,D,-0.4656,114,2015.0
461,258,Brendan,Boyle,Brendan Boyle,PA,D,-0.4938,114,2015.0
462,259,Alma,Adams,Alma Adams,NC,D,-0.5029,114,2014.0
463,273,Ralph,Abraham,Ralph Abraham,LA,R,-0.5494,114,2015.0
464,276,Buddy,Carter,Buddy Carter,GA,R,-0.5518,114,2015.0
465,277,Mark,DeSaulnier,Mark DeSaulnier,CA,D,-0.556,114,2015.0
466,297,Alex,Mooney,Alex Mooney,WV,R,-0.5924,114,2015.0
467,299,Debbie,Dingell,Debbie Dingell,MI,D,-0.5976,114,2015.0
468,302,Ryan,Zinke,Ryan Zinke,MT,R,-0.602,114,
469,312,John,Moolenaar,John Moolenaar,MI,R,-0.6553,114,2015.0
470,314,Rod,Blum,Rod Blum,IA,R,-0.6718,114,
471,330,Brad,Wenstrup,Brad Wenstrup,OH,R,-0.7371,114,2013.0
472,342,John,Mica,John Mica,FL,R,-0.7862,114,1993.0
473,344,Pete,Aguilar,Pete Aguilar,CA,D,-0.7908,114,2015.0
474,346,Tom,Rice,Tom Rice,SC,R,-0.7957,114,2013.0
475,354,Bradley,Byrne,Bradley Byrne,AL,R,-0.8227,114,2014.0
476,358,Corrine,Brown,Corrine Brown,FL,D,-0.837,114,1993.0
477,361,Norma,Torres,Norma Torres,CA,D,-0.8682,114,2015.0
478,367,Brenda,Lawrence,Brenda Lawrence,MI,D,-0.9152,114,2015.0
479,371,Mark,Walker,Mark Walker,NC,R,-0.9381,114,2015.0
480,373,Cresent,Hardy,Cresent Hardy,NV,R,-0.9553,114,
481,374,James,Clyburn,James Clyburn,SC,D,-0.962,114,
482,383,Jody,Hice,Jody Hice,GA,R,-1.0433,114,2015.0
483,385,David,Rouzer,David Rouzer,NC,R,-1.0475,114,2015.0
484,389,Steve,Russell,Steve Russell,OK,R,-1.0705,114,
485,391,John,Ratcliffe,John Ratcliffe,TX,R,-1.08,114,2015.0
486,398,Barry,Loudermilk,Barry Loudermilk,GA,R,-1.1281,114,2015.0
487,399,Bruce,Westerman,Bruce Westerman,AR,R,-1.1544,114,2015.0
488,401,Dave,Brat,Dave Brat,VA,R,-1.1907,114,
489,403,Ken,Buck,Ken Buck,CO,R,-1.1962,114,2015.0
490,405,Stacey,Plaskett,Stacey Plaskett,VI,D,-1.2035,114,
491,407,Brian,Babin,Brian Babin,TX,R,-1.2214,114,2015.0
492,411,Xavier,Becerra,Xavier Becerra,CA,D,-1.2533,114,1993.0
493,416,Gary,Palmer,Gary Palmer,AL,R,-1.4531,114,2015.0
494,418,Luis,Gutiérrez,Luis Gutiérrez,IL,D,-1.4644,114,
495,419,Bonnie,Watson Coleman,Bonnie Watson Coleman,NJ,D,-1.4791,114,2015.0
496,425,Rick,Allen,Rick Allen,GA,R,-1.565,114,
497,426,Glenn,Grothman,Glenn Grothman,WI,R,-1.6036,114,2015.0
498,2,Brian,Fitzpatrick,Brian Fitzpatrick,PA,R,2.1912,115,2017.0
499,6,Collin,Peterson,Collin Peterson,MN,D,2.01199,115,1991.0
500,10,Josh,Gottheimer,Josh Gottheimer,NJ,D,1.73974,115,2017.0
501,13,John,Faso,John Faso,NY,R,1.57356,115,
502,22,Jenniffer,González,Jenniffer González,PR,R,1.38136,115,
503,31,Brian,Mast,Brian Mast,FL,R,1.16743,115,2017.0
504,32,Scott,Taylor,Scott Taylor,VA,R,1.14644,115,
505,62,Vicente,Gonzalez,Vicente Gonzalez,TX,D,0.69026,115,
506,63,Thomas,Suozzi,Thomas Suozzi,NY,D,0.67391,115,2017.0
507,66,Jack,Bergman,Jack Bergman,MI,R,0.64166,115,2017.0
508,68,Jacky,Rosen,Jacky Rosen,NV,D,0.625,115,
509,75,Stephanie,Murphy,Stephanie Murphy,FL,D,0.57005,115,2017.0
510,81,Don,Bacon,Don Bacon,NE,R,0.51116,115,2017.0
511,95,Brad,Schneider,Brad Schneider,IL,D,0.36639,115,2013.0
512,99,Claudia,Tenney,Claudia Tenney,NY,R,0.33315,115,
513,121,Jason,Lewis,Jason Lewis,MN,R,0.21684,115,
514,124,Matt,Gaetz,Matt Gaetz,FL,R,0.21239,115,2017.0
515,125,Tom,O’Halleran,Tom O’Halleran,AZ,D,0.20996,115,
516,130,John,Rutherford,John Rutherford,FL,R,0.17389,115,2017.0
517,144,Charlie,Crist,Charlie Crist,FL,D,0.1133,115,2017.0
518,145,Jimmy,Panetta,Jimmy Panetta,CA,D,0.11055,115,2017.0
519,156,Mike,Gallagher,Mike Gallagher,WI,R,0.04718,115,2017.0
520,157,James,Comer,James Comer,KY,R,0.03158,115,2016.0
521,160,Salud,Carbajal,Salud Carbajal,CA,D,0.0224,115,2017.0
522,173,Mike,Bishop,Mike Bishop,MI,R,-0.05791,115,
523,178,Trent,Kelly,Trent Kelly,MS,R,-0.1073,115,2015.0
524,194,Thomas,Garrett,Thomas Garrett,VA,R,-0.16359,115,
525,198,Jodey,Arrington,Jodey Arrington,TX,R,-0.18153,115,2017.0
526,199,Darin,LaHood,Darin LaHood,IL,R,-0.1853,115,2015.0
527,200,Lou,Correa,Lou Correa,CA,D,-0.18615,115,2017.0
528,208,Paul,Mitchell,Paul Mitchell,MI,R,-0.20827,115,2017.0
529,214,Neal,Dunn,Neal Dunn,FL,R,-0.23392,115,2017.0
530,233,Francis,Rooney,Francis Rooney,FL,R,-0.29086,115,2017.0
531,234,Roger,Marshall,Roger Marshall,KS,R,-0.29677,115,2017.0
532,249,Lloyd,Smucker,Lloyd Smucker,PA,R,-0.34832,115,2017.0
533,271,David,Kustoff,David Kustoff,TN,R,-0.41232,115,2017.0
534,284,Trey,Hollingsworth,Trey Hollingsworth,IN,R,-0.4674,115,2017.0
535,286,Ro,Khanna,Ro Khanna,CA,D,-0.47585,115,2017.0
536,293,Ruben,Kihuen,Ruben Kihuen,NV,D,-0.51159,115,
537,295,Raja,Krishnamoorthi,Raja Krishnamoorthi,IL,D,-0.51767,115,2017.0
538,302,Darren,Soto,Darren Soto,FL,D,-0.54154,115,2017.0
539,307,Val,Demings,Val Demings,FL,D,-0.54691,115,2017.0
540,315,Al,Lawson,Al Lawson,FL,D,-0.58315,115,2017.0
541,320,Karen,Handel,Karen Handel,GA,R,-0.60972,115,
542,325,Lisa,Blunt Rochester,Lisa Blunt Rochester,DE,D,-0.64315,115,2017.0
543,343,Jim,Banks,Jim Banks,IN,R,-0.7166,115,2017.0
544,345,Dwight,Evans,Dwight Evans,PA,D,-0.72106,115,2016.0
545,349,Adriano,Espaillat,Adriano Espaillat,NY,D,-0.75119,115,2017.0
546,355,John,Curtis,John Curtis,UT,R,-0.77702,115,2017.0
547,360,Anthony,Brown,Anthony Brown,MD,D,-0.78554,115,
548,366,Greg,Gianforte,Greg Gianforte,MT,R,-0.86338,115,2017.0
549,368,Clay,Higgins,Clay Higgins,LA,R,-0.86878,115,2017.0
550,372,Drew,Ferguson,Drew Ferguson,GA,R,-0.87832,115,2017.0
551,380,Liz,Cheney,Liz Cheney,WY,R,-0.90541,115,2017.0
552,382,Donald,McEachin,Donald McEachin,VA,D,-0.9209,115,2017.0
553,384,Warren,Davidson,Warren Davidson,OH,R,-0.93256,115,2016.0
554,390,Jamie,Raskin,Jamie Raskin,MD,D,-1.00913,115,2017.0
555,407,Andy,Biggs,Andy Biggs,AZ,R,-1.08809,115,2017.0
556,409,Ralph,Norman,Ralph Norman,SC,R,-1.09654,115,2017.0
557,410,Ted,Budd,Ted Budd,NC,R,-1.12558,115,2017.0
558,412,Mike,Johnson,Mike Johnson,LA,R,-1.16781,115,2017.0
559,414,Nanette,Barragán,Nanette Barragán,CA,D,-1.18735,115,
560,419,Pramila,Jayapal,Pramila Jayapal,WA,D,-1.28219,115,2017.0
561,423,Ron,Estes,Ron Estes,KS,R,-1.36433,115,2017.0
562,433,Jimmy,Gomez,Jimmy Gomez,CA,D,-1.44544,115,2017.0
563,434,Jeb,Hensarling,Jeb Hensarling,TX,R,-1.54638,115,2003.0
564,4,Peter,King,Peter King,NY,R,3.348,116,1993.0
565,9,Abigail,Spanberger,Abigail Spanberger,VA,D,2.30736,116,2019.0
566,12,Dean,Phillips,Dean Phillips,MN,D,2.02728,116,2019.0
567,17,Joe,Cunningham,Joe Cunningham,SC,D,1.76579,116,2019.0
568,18,Anthony,Brindisi,Anthony Brindisi,NY,D,1.74901,116,2019.0
569,20,Tom,O'halleran,Tom O'halleran,AZ,D,1.63282,116,
570,22,Van,Taylor,Van Taylor,TX,R,1.56865,116,2019.0
571,24,Antonio,Delgado,Antonio Delgado,NY,D,1.50087,116,2019.0
572,32,Elaine,Luria,Elaine Luria,VA,D,1.41624,116,2019.0
573,38,Ann McLane,Kuster,Ann McLane Kuster,NH,D,1.30242,116,
574,39,Anthony,Gonzalez,Anthony Gonzalez,OH,R,1.29965,116,2019.0
575,40,Ben,Mcadams,Ben Mcadams,UT,D,1.27925,116,
576,41,Joe,Neguse,Joe Neguse,CO,D,1.2638,116,2019.0
577,44,David,Joyce,David Joyce,OH,R,1.19926,116,2013.0
578,45,Conor,Lamb,Conor Lamb,PA,D,1.19867,116,2018.0
579,49,David,Trone,David Trone,MD,D,1.1325,116,2019.0
580,50,Cindy,Axne,Cindy Axne,IA,D,1.13045,116,2019.0
581,55,Pete,Stauber,Pete Stauber,MN,R,1.054,116,2019.0
582,60,Darin,Lahood,Darin Lahood,IL,R,1.02415,116,
583,63,Jason,Crow,Jason Crow,CO,D,1.01193,116,2019.0
584,65,Elissa,Slotkin,Elissa Slotkin,MI,D,1.00082,116,2019.0
585,68,Kendra,Horn,Kendra Horn,OK,D,0.96283,116,2019.0
586,70,Abby,Finkenauer,Abby Finkenauer,IA,D,0.95556,116,2019.0
587,72,Josh,Harder,Josh Harder,CA,D,0.92242,116,2019.0
588,73,Max,Rose,Max Rose,NY,D,0.89914,116,2019.0
589,75,Andy,Kim,Andy Kim,NJ,D,0.8799,116,2019.0
590,77,Jared,Golden,Jared Golden,ME,D,0.83044,116,2019.0
591,84,Guy,Reschenthaler,Guy Reschenthaler,PA,R,0.76908,116,2019.0
592,86,Michael,Waltz,Michael Waltz,FL,R,0.74534,116,2019.0
593,91,James,Langevin,James Langevin,RI,D,0.71725,116,2001.0
594,92,Angie,Craig,Angie Craig,MN,D,0.71094,116,2019.0
595,97,Chris,Pappas,Chris Pappas,NH,D,0.67513,116,2019.0
596,98,Susie,Lee,Susie Lee,NV,D,0.67079,116,2019.0
597,103,Chrissy,Houlahan,Chrissy Houlahan,PA,D,0.63697,116,2019.0
598,110,Xochitl,Torres Small,Xochitl Torres Small,NM,D,0.60634,116,2019.0
599,111,Gil,Cisneros,Gil Cisneros,CA,D,0.58577,116,2019.0
600,112,Colin,Allred,Colin Allred,TX,D,0.58477,116,2019.0
601,114,Peter,Defazio,Peter Defazio,OR,D,0.55195,116,
602,118,Mikie,Sherrill,Mikie Sherrill,NJ,D,0.52491,116,2019.0
603,121,Troy,Balderson,Troy Balderson,OH,R,0.50926,116,2018.0
604,122,Lizzie Pannill,Fletcher,Lizzie Pannill Fletcher,TX,D,0.50006,116,
605,123,Harley,Rouda,Harley Rouda,CA,D,0.49601,116,2019.0
606,130,Susan,Wild,Susan Wild,PA,D,0.44862,116,2018.0
607,131,Tom,Malinowski,Tom Malinowski,NJ,D,0.43254,116,2019.0
608,132,Eddie Bernice,Johnson,Eddie Bernice Johnson,TX,D,0.42547,116,
609,141,Dan,Crenshaw,Dan Crenshaw,TX,R,0.35529,116,2019.0
610,143,Suzan,Delbene,Suzan Delbene,WA,D,0.35231,116,
611,144,Dusty,Johnson,Dusty Johnson,SD,R,0.35075,116,2019.0
612,151,Jim,Baird,Jim Baird,IN,R,0.32969,116,2019.0
613,159,Greg,Stanton,Greg Stanton,AZ,D,0.28692,116,2019.0
614,160,Dan,Meuser,Dan Meuser,PA,R,0.28203,116,2019.0
615,165,Ben Ray,Luján,Ben Ray Luján,NM,D,0.26132,116,
616,168,Mario,Díaz-Balart,Mario Díaz-Balart,FL,R,0.25606,116,
617,170,Donna,Shalala,Donna Shalala,FL,D,0.24497,116,2019.0
618,172,Lucy,Mcbath,Lucy Mcbath,GA,D,0.23528,116,
619,173,T.J.,Cox,T.J. Cox,CA,D,0.23256,116,
620,178,Diana,Degette,Diana Degette,CO,D,0.21696,116,
621,179,Doug,Lamalfa,Doug Lamalfa,CA,R,0.21468,116,
622,182,Ed,Case,Ed Case,HI,D,0.20774,116,2019.0
623,186,Michael,Doyle,Michael Doyle,PA,D,0.18481,116,1995.0
624,192,Kim,Schrier,Kim Schrier,WA,D,0.16952,116,2019.0
625,211,Haley,Stevens,Haley Stevens,MI,D,0.07336,116,2019.0
626,213,Fred,Keller,Fred Keller,PA,R,0.07048,116,2019.0
627,215,Jim,Hagedorn,Jim Hagedorn,MN,R,0.06324,116,2019.0
628,216,Joseph,Morelle,Joseph Morelle,NY,D,0.06187,116,2018.0
629,220,Deb,Haaland,Deb Haaland,NM,D,0.05685,116,2019.0
630,226,Greg,Steube,Greg Steube,FL,R,0.03669,116,2019.0
631,228,Steve,Watkins,Steve Watkins,KS,R,0.02958,116,2019.0
632,231,Sean Patrick,Maloney,Sean Patrick Maloney,NY,D,0.02248,116,
633,244,Katie,Porter,Katie Porter,CA,D,-0.02984,116,2019.0
634,248,Tim,Burchett,Tim Burchett,TN,R,-0.05498,116,2019.0
635,253,Eleanor Holmes,Norton,Eleanor Holmes Norton,DC,D,-0.06546,116,
636,261,Bryan,Steil,Bryan Steil,WI,R,-0.09659,116,2019.0
637,262,Mike,Levin,Mike Levin,CA,D,-0.09674,116,2019.0
638,266,Jennifer,Wexton,Jennifer Wexton,VA,D,-0.12352,116,2019.0
639,267,Lori,Trahan,Lori Trahan,MA,D,-0.12752,116,2019.0
640,275,Greg,Pence,Greg Pence,IN,R,-0.15612,116,2019.0
641,277,Ross,Spano,Ross Spano,FL,R,-0.16375,116,2019.0
642,284,Denver,Riggleman,Denver Riggleman,VA,R,-0.21437,116,2019.0
643,288,Carol,Miller,Carol Miller,WV,R,-0.22806,116,2019.0
644,299,Donald,Mceachin,Donald Mceachin,VA,D,-0.27055,116,
645,303,Jerrold,Nadler,Jerrold Nadler,NY,D,-0.28429,116,1993.0
646,305,Sharice,Davids,Sharice Davids,KS,D,-0.28764,116,2019.0
647,310,Jose,Serrano,Jose Serrano,NY,D,-0.29324,116,
648,311,Joseph,Kennedy,Joseph Kennedy,MA,D,-0.29349,116,
649,312,Ben,Cline,Ben Cline,VA,R,-0.2985,116,2019.0
650,313,Mark,Green,Mark Green,TN,R,-0.3013,116,
651,314,Ron,Wright,Ron Wright,TX,R,-0.30965,116,2019.0
652,316,Debbie,Lesko,Debbie Lesko,AZ,R,-0.31408,116,2018.0
653,319,Mark,Desaulnier,Mark Desaulnier,CA,D,-0.3167,116,
654,321,Andy,Levin,Andy Levin,MI,D,-0.32202,116,2019.0
655,329,Michael,San Nicolas,Michael San Nicolas,GU,D,-0.35743,116,
656,333,Veronica,Escobar,Veronica Escobar,TX,D,-0.38365,116,2019.0
657,338,Madeleine,Dean,Madeleine Dean,PA,D,-0.41095,116,2019.0
658,339,William,Timmons,William Timmons,SC,R,-0.41125,116,2019.0
659,342,Rosa,Delauro,Rosa Delauro,CT,D,-0.43696,116,
660,343,Sylvia,Garcia,Sylvia Garcia,TX,D,-0.44702,116,2019.0
661,348,Lauren,Underwood,Lauren Underwood,IL,D,-0.46388,116,2019.0
662,350,Michael,Guest,Michael Guest,MS,R,-0.48168,116,2019.0
663,351,Lance,Gooden,Lance Gooden,TX,R,-0.48317,116,2019.0
664,359,Mary Gay,Scanlon,Mary Gay Scanlon,PA,D,-0.53762,116,
665,371,Kelly,Armstrong,Kelly Armstrong,ND,R,-0.59851,116,2019.0
666,381,Sean,Casten,Sean Casten,IL,D,-0.64514,116,2019.0
667,383,Katie,Hill,Katie Hill,CA,D,-0.64772,116,
668,384,Kevin,Hern,Kevin Hern,OK,R,-0.64899,116,2018.0
669,385,Jim,Clyburn,Jim Clyburn,SC,D,-0.65059,116,1993.0
670,391,Debbie,Mucarsel-Powell,Debbie Mucarsel-Powell,FL,D,-0.67368,116,2019.0
671,392,Nanette,Barragan,Nanette Barragan,CA,D,-0.68814,116,
672,396,Greg,Murphy,Greg Murphy,NC,R,-0.71649,116,2019.0
673,400,John,Joyce,John Joyce,PA,R,-0.73164,116,2019.0
674,408,Jahana,Hayes,Jahana Hayes,CT,D,-0.86652,116,2019.0
675,412,Chip,Roy,Chip Roy,TX,R,-0.94616,116,2019.0
676,414,Rashida,Tlaib,Rashida Tlaib,MI,D,-1.00756,116,2019.0
677,419,Russ,Fulcher,Russ Fulcher,ID,R,-1.08977,116,2019.0
678,420,Chuy,García,Chuy García,IL,D,-1.13248,116,
679,422,Scott,Desjarlais,Scott Desjarlais,TN,R,-1.14864,116,
680,424,Ilhan,Omar,Ilhan Omar,MN,D,-1.17031,116,2019.0
681,425,Dan,Bishop,Dan Bishop,NC,R,-1.24251,116,2019.0
682,426,Ayanna,Pressley,Ayanna Pressley,MA,D,-1.24848,116,2019.0
683,427,Alexandria,Ocasio-Cortez,Alexandria Ocasio-Cortez,NY,D,-1.2585,116,2019.0
684,429,Michael,Cloud,Michael Cloud,TX,R,-1.27429,116,2018.0
685,430,John,Rose,John Rose,TN,R,-1.28081,116,2019.0
